phase,episode,timestep,return,episode_length,food_collected,total_food_collected,final_snake_length,max_snake_length,epsilon
train,0,210,-6.210999999999985,211,0,0,1,1,0.99750625
train,1,682,-7.972000000000043,472,0,0,1,1,0.99190125
train,2,727,-12.545,45,0,0,1,1,0.991366875
train,3,899,-9.171999999999993,172,0,0,1,1,0.989324375
train,4,1081,-13.682000000000004,182,0,0,1,1,0.987163125
train,5,1184,-8.602999999999989,103,0,0,1,1,0.98594
train,6,2977,-28.293000000000028,1793,0,0,1,1,0.964648125
train,7,3181,186.2959999999998,204,2,2,3,3,0.962225625
train,8,3508,-15.327000000000009,327,0,2,1,1,0.9583425
train,9,3616,-12.607999999999993,108,0,2,1,1,0.95706
train,10,4185,-10.568999999999996,569,0,2,1,1,0.950303125
train,11,4387,-11.701999999999993,202,0,2,1,1,0.947904375
train,12,4489,-8.601999999999995,102,0,2,1,1,0.946693125
train,13,4613,-10.623999999999999,124,0,2,1,1,0.945220625
train,14,4726,-15.112999999999994,113,0,2,1,1,0.94387875
train,15,4999,-13.272999999999989,273,0,2,1,1,0.940636875
train,16,5310,83.6889999999988,311,1,3,2,2,0.93694375
train,17,6410,294.9000000000065,1100,3,6,4,4,0.92388125
train,18,7695,403.71499999999867,1285,4,10,5,5,0.908621875
train,19,7913,-10.717999999999993,218,0,10,1,1,0.906033125
train,20,8188,-12.274999999999988,275,0,10,1,1,0.9027675000000001
train,21,8230,-12.041999999999996,42,0,10,1,1,0.90226875
train,22,9006,-22.27600000000005,776,0,10,1,1,0.89305375
train,23,9742,81.76399999999941,736,1,11,2,2,0.88431375
train,24,9928,86.3139999999996,186,1,12,2,2,0.882105
validation,25,10000,-0.5000000000000009,1000,0,12,1,1,0.0
train,25,10382,91.0459999999996,454,1,13,2,2,0.87671375
train,26,10685,-2.3030000000000133,303,0,13,1,1,0.8731156250000001
train,27,11072,80.11299999999879,387,1,14,2,2,0.86852
train,28,11305,87.26699999999946,233,1,15,2,2,0.865753125
train,29,11345,-15.54,40,0,15,1,1,0.865278125
train,30,11675,182.1699999999987,330,2,17,3,3,0.861359375
train,31,11883,78.29199999999915,208,1,18,2,2,0.858889375
train,32,11985,84.39799999999995,102,1,19,2,2,0.8576781250000001
train,33,12465,95.51999999999984,480,1,20,2,2,0.851978125
train,34,12612,-7.147000000000013,147,0,20,1,1,0.8502325
train,35,12835,82.77699999999969,223,1,21,2,2,0.8475843750000001
train,36,12891,-12.055999999999997,56,0,21,1,1,0.846919375
train,37,12924,-12.032999999999998,33,0,21,1,1,0.8465275
train,38,13553,84.37099999999741,629,1,22,2,2,0.839058125
train,39,13702,-16.149000000000004,149,0,22,1,1,0.83728875
train,40,13892,-11.689999999999996,190,0,22,1,1,0.8350325000000001
train,41,13949,-16.057000000000006,57,0,22,1,1,0.834355625
train,42,14123,-6.673999999999993,174,0,22,1,1,0.832289375
train,43,14170,-8.046999999999997,47,0,22,1,1,0.83173125
train,44,14357,-17.187000000000012,187,0,22,1,1,0.829510625
train,45,14511,84.34599999999928,154,1,23,2,2,0.827681875
train,46,14724,-11.71299999999999,213,0,23,1,1,0.8251525
train,47,15002,-23.27800000000002,278,0,23,1,1,0.82185125
train,48,15097,-13.094999999999992,95,0,23,1,1,0.820723125
train,49,15281,304.3160000000017,184,3,26,4,4,0.818538125
train,50,15338,-10.056999999999999,57,0,26,1,1,0.81786125
train,51,15521,-19.683000000000007,183,0,26,1,1,0.815688125
train,52,15580,-8.559,59,0,26,1,1,0.8149875
train,53,15624,-13.543999999999997,44,0,26,1,1,0.814465
train,54,15766,-15.641999999999998,142,0,26,1,1,0.81277875
train,55,15849,85.41699999999989,83,1,27,2,2,0.811793125
train,56,16476,91.37299999999884,627,1,28,2,2,0.8043475
train,57,16641,93.33499999999961,165,1,29,2,2,0.802388125
train,58,16774,-7.132999999999991,133,0,29,1,1,0.8008087500000001
train,59,16869,90.40499999999972,95,1,30,2,2,0.799680625
train,60,17458,392.911000000002,589,4,34,5,5,0.79268625
train,61,17796,286.662,338,3,37,4,4,0.7886725
train,62,18662,391.13400000000115,866,4,41,5,5,0.77838875
train,63,18714,-10.052,52,0,41,1,1,0.77777125
train,64,18759,89.95499999999993,45,1,42,2,2,0.777236875
train,65,18937,-12.677999999999999,178,0,42,1,1,0.775123125
train,66,19544,383.89300000000515,607,4,46,5,5,0.767915
validation,67,20000,77.91699999999963,83,1,49,2,2,0.0
train,67,20001,292.0440000000021,457,3,49,1,4,0.762488125
train,68,20351,173.6499999999985,350,2,51,3,3,0.758331875
train,69,20505,-17.154000000000003,154,0,51,1,1,0.756503125
train,70,20626,89.37899999999985,121,1,52,2,2,0.75506625
train,71,20870,283.25600000000236,244,3,55,4,4,0.75216875
train,72,21352,89.01799999999982,482,1,56,2,2,0.746445
train,73,21590,-9.738000000000001,238,0,56,1,1,0.74361875
train,74,21651,-9.561,61,0,56,1,1,0.7428943750000001
train,75,21851,86.29999999999978,200,1,57,2,2,0.7405193750000001
train,76,22241,388.1099999999999,390,4,61,5,5,0.735888125
train,77,22344,-17.102999999999998,103,0,61,1,1,0.734665
train,78,22933,392.4109999999997,589,4,65,5,5,0.727670625
train,79,23607,374.3259999999983,674,4,69,5,5,0.7196668749999999
train,80,23694,97.91299999999994,87,1,70,2,2,0.71863375
train,81,23908,292.28600000000046,214,3,73,4,4,0.7160925
train,82,23934,-8.525999999999998,26,0,73,1,1,0.7157837499999999
train,83,24278,191.65599999999867,344,2,75,3,3,0.71169875
train,84,24584,283.6940000000014,306,3,78,4,4,0.7080649999999999
train,85,24649,190.93499999999977,65,2,80,3,3,0.7072931250000001
train,86,24848,396.8010000000003,199,4,84,5,5,0.7049300000000001
train,87,24871,82.97699999999996,23,1,85,2,2,0.704656875
train,88,24963,-14.591999999999997,92,0,85,1,1,0.703564375
train,89,25054,86.40899999999975,91,1,86,2,2,0.7024837500000001
train,90,25242,83.81199999999912,188,1,87,2,2,0.70025125
train,91,25458,86.78399999999992,216,1,88,2,2,0.6976862500000001
train,92,25740,288.218000000001,282,3,91,4,4,0.6943375
train,93,25776,-8.535999999999998,36,0,91,1,1,0.69391
train,94,25816,-6.539999999999999,40,0,91,1,1,0.693435
train,95,25929,-12.112999999999992,113,0,91,1,1,0.692093125
train,96,26028,-10.099,99,0,91,1,1,0.6909175000000001
train,97,26071,-13.042999999999997,43,0,91,1,1,0.6904068750000001
train,98,26130,-10.059,59,0,91,1,1,0.68970625
train,99,26159,-14.028999999999998,29,0,91,1,1,0.689361875
train,100,26336,180.82299999999924,177,2,93,3,3,0.68726
train,101,26678,387.1580000000024,342,4,97,5,5,0.6831987500000001
train,102,26732,-14.553999999999998,54,0,97,1,1,0.6825575
train,103,27032,295.7000000000022,300,3,100,4,4,0.678995
train,104,27208,-15.67600000000002,176,0,100,1,1,0.676905
train,105,27337,185.87099999999984,129,2,102,3,3,0.675373125
train,106,27642,287.69499999999937,305,3,105,4,4,0.67175125
train,107,28268,290.8740000000033,626,3,108,4,4,0.6643175
train,108,28307,-14.039,39,0,108,1,1,0.663854375
train,109,28353,-6.545999999999997,46,0,108,1,1,0.6633081249999999
train,110,28561,277.2919999999994,208,3,111,4,4,0.6608381249999999
train,111,28711,97.34999999999992,150,1,112,2,2,0.659056875
train,112,28760,-6.048999999999995,49,0,112,1,1,0.658475
train,113,28858,-18.598,98,0,112,1,1,0.65731125
train,114,28895,84.46299999999991,37,1,113,2,2,0.656871875
train,115,28949,-3.5540000000000065,54,0,113,1,1,0.6562306250000001
train,116,28961,-6.511999999999999,12,0,113,1,1,0.656088125
train,117,29138,191.32299999999958,177,2,115,3,3,0.65398625
train,118,29197,89.94099999999995,59,1,116,2,2,0.653285625
train,119,29594,88.10299999999964,397,1,117,2,2,0.64857125
validation,120,30000,-3.9999999999998903,1000,0,121,1,1,0.0
train,120,30020,402.0740000000013,426,4,121,1,5,0.6435125
train,121,30061,-7.040999999999997,41,0,121,1,1,0.643025625
train,122,30433,394.12800000000175,372,4,125,5,5,0.638608125
train,123,30767,388.66600000000483,334,4,129,5,5,0.634641875
train,124,30816,-12.049000000000003,49,0,129,1,1,0.6340600000000001
train,125,31053,185.26299999999898,237,2,131,3,3,0.631245625
train,126,31101,-7.548000000000004,48,0,131,1,1,0.6306756250000001
train,127,31565,382.0360000000027,464,4,135,5,5,0.6251656250000001
train,128,31706,91.35899999999984,141,1,136,2,2,0.62349125
train,129,32815,389.3910000000051,1109,4,140,5,5,0.610321875
train,130,32834,-14.018999999999998,19,0,140,1,1,0.61009625
train,131,32955,82.8789999999998,121,1,141,2,2,0.608659375
train,132,33060,-11.104999999999995,105,0,141,1,1,0.6074125
train,133,33404,81.6559999999996,344,1,142,2,2,0.6033275
train,134,33946,389.95800000000327,542,4,146,5,5,0.59689125
train,135,34143,184.3029999999992,197,2,148,3,3,0.5945518750000001
train,136,34233,-11.589999999999996,90,0,148,1,1,0.5934831250000001
train,137,34639,391.0940000000028,406,4,152,5,5,0.588661875
train,138,34704,80.43499999999986,65,1,153,2,2,0.58789
train,139,34748,-15.044,44,0,153,1,1,0.5873675
train,140,35166,388.582000000001,418,4,157,5,5,0.5824037500000001
train,141,35271,184.89499999999978,105,2,159,3,3,0.581156875
train,142,35505,-7.733999999999988,234,0,159,1,1,0.578378125
train,143,35550,-5.544999999999997,45,0,159,1,1,0.57784375
train,144,35756,182.79399999999907,206,2,161,3,3,0.5753975
train,145,36116,494.1400000000033,360,5,166,6,6,0.5711225
train,146,36584,288.5319999999998,468,3,169,4,4,0.5655650000000001
train,147,36751,185.33299999999952,167,2,171,3,3,0.563581875
train,148,36902,-5.1510000000000185,151,0,171,1,1,0.5617887500000001
train,149,37306,196.0959999999995,404,2,173,3,3,0.55699125
train,150,37949,380.35700000000065,643,4,177,5,5,0.549355625
train,151,38270,584.679000000003,321,6,183,7,7,0.54554375
train,152,38325,96.94499999999987,55,1,184,2,2,0.5448906250000001
train,153,38698,388.12700000000655,373,4,188,5,5,0.54046125
train,154,38836,288.86200000000065,138,3,191,4,4,0.5388225
train,155,38852,-10.515999999999998,16,0,191,1,1,0.5386325000000001
train,156,38912,96.4399999999999,60,1,192,2,2,0.53792
train,157,39234,89.17799999999987,322,1,193,2,2,0.5340962499999999
train,158,39256,-10.022,22,0,193,1,1,0.5338350000000001
train,159,39352,-9.595999999999998,96,0,193,1,1,0.532695
train,160,39402,-6.549999999999997,50,0,193,1,1,0.53210125
validation,161,40000,1.0000000000000542,1000,0,193,1,1,0.0
train,161,40464,87.43799999999983,1062,1,194,2,2,0.51949
train,162,40559,-11.094999999999995,95,0,194,1,1,0.518361875
train,163,41082,392.47700000000486,523,4,198,5,5,0.5121512500000001
train,164,41459,90.62299999999927,377,1,199,2,2,0.507674375
train,165,41471,-12.511999999999999,12,0,199,1,1,0.507531875
train,166,41529,-9.557999999999998,58,0,199,1,1,0.5068431250000001
train,167,41567,-3.5380000000000003,38,0,199,1,1,0.506391875
train,168,42016,389.0510000000005,449,4,203,5,5,0.5010600000000001
train,169,42120,90.3959999999997,104,1,204,2,2,0.4998250000000001
train,170,42200,94.91999999999979,80,1,205,2,2,0.49887500000000007
train,171,42681,187.0189999999986,481,2,207,3,3,0.49316312500000004
train,172,42982,-4.301000000000036,301,0,207,1,1,0.48958875000000013
train,173,44494,192.487999999999,1512,2,209,3,3,0.4716337500000001
train,174,47840,393.6540000000018,3346,4,213,5,5,0.43190000000000006
train,175,48259,192.58099999999948,419,2,215,3,3,0.426924375
train,176,48723,399.03600000000097,464,4,219,5,5,0.421414375
train,177,49045,386.6780000000008,322,4,223,5,5,0.4175906250000001
train,178,49948,89.09699999999667,903,1,224,2,2,0.40686750000000005
validation,179,50000,-9.992007221626409e-16,1000,0,225,1,1,0.0
train,179,50246,489.2019999999993,298,5,229,5,5,0.40332875
train,180,50383,189.86299999999957,137,2,231,3,3,0.4017018750000001
train,181,50431,-6.547999999999998,48,0,231,1,1,0.401131875
train,182,50476,93.95499999999988,45,1,232,2,2,0.40059750000000005
train,183,50827,386.6490000000034,351,4,236,5,5,0.3964293750000001
train,184,51355,288.97199999999975,528,3,239,4,4,0.390159375
train,185,52008,488.8470000000016,653,5,244,6,6,0.382405
train,186,52194,95.8139999999993,186,1,245,2,2,0.38019625
train,187,52579,298.6150000000015,385,3,248,4,4,0.375624375
train,188,53098,394.981000000004,519,4,252,5,5,0.3694612500000001
train,189,53190,90.90799999999969,92,1,253,2,2,0.36836875
train,190,53609,498.0810000000022,419,5,258,6,6,0.363393125
train,191,53635,-17.026000000000007,26,0,258,1,1,0.363084375
train,192,54056,590.0790000000044,421,6,264,7,7,0.3580850000000001
train,193,54073,88.98299999999998,17,1,265,2,2,0.35788312499999997
train,194,54759,283.31399999999996,686,3,268,4,4,0.34973687500000006
train,195,55017,209.74199999999928,258,2,270,3,3,0.346673125
train,196,55030,-11.013,13,0,270,1,1,0.34651875
train,197,55291,396.73900000000253,261,4,274,5,5,0.3434193750000001
train,198,55865,187.42599999999786,574,2,276,3,3,0.336603125
train,199,55955,94.40999999999993,90,1,277,2,2,0.33553437499999994
train,200,56193,313.2620000000013,238,3,280,4,4,0.332708125
train,201,56498,389.69500000000164,305,4,284,5,5,0.32908625
train,202,56783,389.7150000000029,285,4,288,5,5,0.32570187500000003
train,203,56862,187.9209999999998,79,2,290,3,3,0.32476375
train,204,56968,389.89400000000035,106,4,294,5,5,0.32350500000000004
train,205,57074,88.39399999999992,106,1,295,2,2,0.32224625000000007
train,206,57459,484.11500000000194,385,5,300,6,6,0.31767437500000006
train,207,57727,490.2320000000019,268,5,305,6,6,0.314491875
train,208,57901,189.32599999999945,174,2,307,3,3,0.31242562500000004
train,209,58082,389.31900000000076,181,4,311,5,5,0.31027625000000003
train,210,58508,591.5740000000017,426,6,317,7,7,0.30521750000000003
train,211,58869,407.1390000000015,361,4,321,5,5,0.300930625
train,212,59573,96.29599999999972,704,1,322,2,2,0.292570625
train,213,59755,690.3180000000019,182,7,329,8,8,0.29040937499999997
validation,214,60000,99.49999999999528,1000,1,330,2,2,0.0
train,214,60435,575.3200000000016,680,6,335,7,7,0.282334375
train,215,60583,-2.647999999999996,148,0,335,1,1,0.28057687500000006
train,216,60613,89.46999999999989,30,1,336,2,2,0.280220625
train,217,60766,-4.153000000000018,153,0,336,1,1,0.27840375000000006
train,218,61123,403.14300000000014,357,4,340,5,5,0.274164375
train,219,61233,84.88999999999959,110,1,341,2,2,0.27285812499999995
train,220,61354,90.37899999999966,121,1,342,2,2,0.27142125000000006
train,221,62111,491.24300000000596,757,5,347,6,6,0.262431875
train,222,62178,-10.067,67,0,347,1,1,0.26163625
train,223,62452,195.22599999999886,274,2,349,3,3,0.25838250000000007
train,224,62542,191.9099999999996,90,2,351,3,3,0.25731375
train,225,64060,391.9820000000043,1518,4,355,5,5,0.2392875000000001
train,226,64289,285.27099999999933,229,3,358,4,4,0.23656812500000013
train,227,64465,390.324000000002,176,4,362,5,5,0.23447812499999998
train,228,64709,293.25600000000054,244,3,365,4,4,0.23158062499999998
train,229,64945,180.26399999999913,236,2,367,3,3,0.22877812499999994
train,230,65173,291.77199999999976,228,3,370,4,4,0.22607062500000008
train,231,65313,193.35999999999945,140,2,372,3,3,0.22440812500000007
train,232,65632,387.18099999999936,319,4,376,5,5,0.22062000000000004
train,233,65833,282.2989999999996,201,3,379,4,4,0.21823312500000003
train,234,66362,599.9710000000013,529,6,385,7,7,0.21195125000000004
train,235,66386,-3.524000000000001,24,0,385,1,1,0.21166625000000006
train,236,66492,-6.606000000000007,106,0,385,1,1,0.21040749999999997
train,237,66854,594.1380000000046,362,6,391,7,7,0.20610875000000006
train,238,67042,390.8120000000009,188,4,395,5,5,0.20387624999999998
train,239,67565,791.4770000000046,523,8,403,9,9,0.19766562500000007
train,240,67723,185.3419999999998,158,2,405,3,3,0.19578937499999993
train,241,67892,389.83100000000104,169,4,409,5,5,0.19378249999999997
train,242,68103,392.7890000000009,211,4,413,5,5,0.191276875
train,243,68265,192.33799999999985,162,2,415,3,3,0.189353125
train,244,69181,602.5840000000051,916,6,421,7,7,0.17847562500000003
train,245,69652,491.0290000000035,471,5,426,6,6,0.17288250000000005
train,246,69961,600.1910000000013,309,6,432,7,7,0.16921312499999996
validation,247,70000,583.2010000000037,299,6,434,7,7,0.0
train,247,70001,199.4609999999999,40,2,434,1,3,0.16873812500000007
train,248,70415,790.5860000000076,414,8,442,9,9,0.163821875
train,249,70867,600.0480000000064,452,6,448,7,7,0.15845437500000004
train,250,71015,98.85199999999946,148,1,449,2,2,0.15669687500000007
train,251,71246,591.7690000000028,231,6,455,7,7,0.15395375
train,252,71517,713.729000000003,271,7,462,8,8,0.15073562500000004
train,253,71763,398.2540000000006,246,4,466,5,5,0.14781437500000005
train,254,72393,606.8700000000052,630,6,472,7,7,0.14033312500000006
train,255,72547,93.3459999999998,154,1,473,2,2,0.13850437500000012
train,256,72611,183.93599999999986,64,2,475,3,3,0.13774437500000003
train,257,72927,480.68400000000145,316,5,480,6,6,0.1339918750000001
train,258,73194,388.73300000000177,267,4,484,5,5,0.13082125
train,259,73438,388.7560000000001,244,4,488,6,6,0.12792375
train,260,75021,196.4169999999946,1583,2,490,3,3,0.109125625
train,261,75186,494.8350000000024,165,5,495,6,6,0.10716625000000002
train,262,75976,391.21000000000095,790,4,499,5,5,0.09778500000000001
train,263,76597,595.8790000000021,621,6,505,7,7,0.09041062500000008
train,264,77190,487.407000000008,593,5,510,6,6,0.08336874999999999
train,265,77897,281.7930000000114,707,3,513,4,4,0.07497312500000008
validation,266,80000,-9.992007221626409e-16,1000,0,515,1,1,0.0
train,266,80159,375.73799999999414,2262,4,517,3,3,0.05
train,267,81395,277.76400000001973,1236,3,520,4,4,0.05
train,268,81575,483.82000000000085,180,5,525,6,6,0.05
train,269,82589,883.9860000000101,1014,9,534,10,10,0.05
train,270,83293,278.79599999999965,704,3,537,4,4,0.05
train,271,84440,378.85300000000154,1147,4,541,5,5,0.05
train,272,86033,299.4070000000047,1593,3,544,4,4,0.05
train,273,86487,693.0460000000057,454,7,551,8,8,0.05
train,274,86881,392.1060000000026,394,4,555,5,5,0.05
validation,275,90000,110.49999999999524,1000,1,555,2,2,0.0
train,275,90246,312.6350000000004,3365,4,559,5,5,0.05
train,276,91594,811.1520000000064,1348,8,567,9,9,0.05
train,277,92198,603.8960000000068,604,6,573,7,7,0.05
