game_index,food_eaten,kills,num_ticks_lived
1,0,0,251
2,0,0,251
3,6,1,251
4,1,0,304
5,10,1,124
6,0,0,42
7,6,1,165
8,1,0,42
9,2,0,158
10,2,0,272
11,3,0,131
12,0,0,162
13,4,1,134
14,0,0,24
15,12,3,97
16,2,0,34
17,1,0,268
18,2,0,174
19,1,2,21
20,0,0,251
21,2,0,83
22,8,2,149
23,2,0,102
24,0,0,17
25,0,0,251
26,9,1,163
27,0,0,16
28,4,1,70
29,4,1,42
30,0,0,30
31,0,0,89
32,4,1,82
33,1,0,300
34,5,1,112
35,3,0,102
36,7,2,120
37,2,0,46
38,2,0,49
39,2,0,276
40,12,1,203
41,0,1,39
42,0,0,33
43,4,1,189
44,0,1,38
45,2,0,90
46,12,0,120
47,0,0,27
48,2,0,74
49,1,0,264
50,12,3,125
51,0,0,251
52,0,1,24
53,1,0,275
54,4,0,104
55,4,0,63
56,7,2,92
57,2,0,39
58,1,0,49
59,1,0,23
60,1,0,79
61,4,2,95
62,5,0,100
63,4,1,93
64,4,1,89
65,1,2,45
66,5,3,316
67,0,0,42
68,3,0,382
69,0,0,36
70,0,0,26
71,12,1,173
72,1,0,53
73,1,1,38
74,15,2,180
75,6,1,198
76,7,0,79
77,0,0,49
78,1,1,66
79,2,0,97
80,0,0,28
81,4,0,122
82,4,1,292
83,0,0,23
84,10,3,86
85,1,0,22
86,3,0,78
87,5,3,58
88,4,1,73
89,0,0,87
90,12,1,240
91,2,0,55
92,8,1,202
93,1,1,29
94,1,1,262
95,6,1,84
96,2,0,143
97,1,0,81
98,5,1,164
99,3,0,45
100,7,0,101
101,1,0,44
102,0,0,29
103,2,0,274
104,4,1,123
105,10,1,123
106,2,0,47
107,1,1,23
108,3,0,205
109,8,2,104
110,4,1,144
111,9,1,123
112,3,1,146
113,8,1,107
114,4,1,218
115,12,0,243
116,2,0,86
117,0,0,52
118,11,1,183
119,7,2,54
120,3,0,83
121,1,0,50
122,6,1,146
123,0,0,91
124,4,1,56
125,4,1,43
126,1,0,264
127,3,0,66
128,2,0,53
129,4,2,124
130,2,0,117
131,0,0,251
132,0,0,43
133,0,0,42
134,3,0,108
135,3,0,109
136,2,1,100
137,14,3,156
138,2,0,28
139,1,0,37
140,16,1,226
141,12,1,200
142,1,0,24
143,4,0,63
144,1,0,281
145,2,0,61
146,5,1,59
147,0,0,10
148,1,1,12
149,0,0,94
150,4,3,67
151,1,2,23
152,5,0,134
153,1,1,56
154,2,0,36
155,5,1,127
156,3,1,123
157,4,1,158
158,1,0,30
159,2,0,35
160,7,1,112
161,2,0,284
162,2,1,78
163,0,0,47
164,6,2,105
165,2,0,18
166,2,0,55
167,1,0,40
168,1,0,22
169,6,0,322
170,7,0,167
171,0,0,27
172,1,1,76
173,0,0,57
174,0,0,40
175,1,0,51
176,0,0,29
177,4,1,180
178,5,1,121
179,2,0,273
180,1,0,16
181,9,1,80
182,0,0,11
183,1,0,128
184,6,0,348
185,2,0,65
186,1,0,27
187,8,2,93
188,2,0,275
189,0,0,45
190,4,1,113
191,13,1,329
192,0,0,62
193,8,0,359
194,1,1,33
195,7,1,134
196,5,2,57
197,2,0,78
198,9,1,400
199,2,0,90
200,5,1,84
201,1,1,65
202,5,0,142
203,0,0,22
204,2,0,38
205,4,1,39
206,3,0,43
207,1,0,23
208,2,0,307
209,4,1,59
210,5,0,104
211,8,2,336
212,5,2,94
213,10,1,141
214,0,0,47
215,0,0,28
216,22,1,243
217,1,0,18
218,1,0,37
219,4,1,71
220,5,0,85
221,9,1,209
222,4,0,66
223,4,1,172
224,8,0,126
225,1,1,19
226,2,0,45
227,4,1,91
228,4,3,84
229,6,1,83
230,5,0,84
231,1,2,27
232,1,1,105
233,1,0,52
234,3,2,56
235,3,0,20
236,4,0,115
237,2,0,85
238,0,0,18
239,4,0,157
240,7,3,128
241,3,1,79
242,7,3,116
243,7,1,161
244,0,0,18
245,0,0,74
246,1,1,16
247,0,0,251
248,3,0,57
249,9,1,138
250,0,0,24
251,8,2,134
252,1,0,19
253,1,1,75
254,0,0,44
255,5,1,91
256,7,0,123
257,9,0,99
258,3,0,39
259,0,0,37
260,2,0,41
261,7,1,65
262,2,0,44
263,8,1,323
264,1,0,134
265,7,0,72
266,2,1,104
267,1,1,254
268,3,0,33
269,2,1,140
270,2,1,50
271,1,0,65
272,4,0,138
273,3,0,84
274,9,1,76
275,5,2,63
276,3,0,147
277,0,1,24
278,0,0,35
279,1,1,120
280,6,2,146
281,4,0,59
282,6,2,79
283,2,0,295
284,0,1,54
285,8,1,182
286,0,0,78
287,10,0,359
288,2,0,66
289,4,1,99
290,3,0,428
291,0,0,32
292,0,0,26
293,9,1,161
294,0,0,50
295,0,0,60
296,0,0,99
297,0,0,251
298,7,1,111
299,2,1,63
300,0,1,38
301,0,0,87
302,0,0,27
303,7,1,81
304,1,2,23
305,6,1,196
306,1,0,28
307,8,1,93
308,4,1,95
309,8,1,131
310,1,0,74
311,1,0,61
312,5,2,122
313,0,0,68
314,3,0,70
315,2,0,36
316,0,0,12
317,2,0,47
318,2,0,43
319,2,1,283
320,2,0,67
321,2,0,107
322,0,0,36
323,1,1,49
324,14,1,103
325,4,1,127
326,3,0,82
327,9,1,166
328,0,0,41
329,3,0,320
330,4,2,41
331,1,0,63
332,0,0,41
333,4,1,71
334,1,0,75
335,0,0,11
336,8,2,141
337,7,2,194
338,7,0,95
339,6,1,116
340,5,1,90
341,0,0,34
342,6,3,102
343,5,1,45
344,6,1,81
345,2,0,117
346,4,1,94
347,7,2,94
348,4,2,347
349,6,2,82
350,2,0,48
351,0,0,251
352,12,0,161
353,1,0,24
354,8,1,132
355,2,0,85
356,14,1,239
357,0,0,12
358,2,1,52
359,1,0,285
360,5,0,419
361,1,0,87
362,9,2,126
363,2,1,29
364,4,1,117
365,7,1,91
366,7,2,218
367,1,1,63
368,7,3,133
369,4,1,96
370,5,1,95
371,0,0,14
372,9,2,96
373,2,0,89
374,6,1,118
375,6,1,104
376,1,1,61
377,0,0,30
378,3,0,49
379,8,1,133
380,3,0,72
381,3,0,63
382,1,0,176
383,6,1,101
384,2,0,119
385,1,0,25
386,1,0,41
387,0,0,27
388,7,1,65
389,4,0,91
390,7,1,156
391,4,0,60
392,7,0,170
393,2,0,157
394,1,0,15
395,3,0,307
396,1,0,16
397,2,0,73
398,1,0,89
399,1,1,18
400,10,1,135
401,1,0,299
402,2,0,299
403,2,1,22
404,5,1,142
405,1,0,53
406,2,0,49
407,3,1,48
408,6,1,120
409,1,1,64
410,0,1,22
411,1,0,48
412,1,1,133
413,0,0,59
414,5,0,123
415,10,1,203
416,0,1,64
417,1,0,70
418,3,0,86
419,8,1,185
420,0,0,11
421,1,1,74
422,8,1,114
423,5,1,92
424,1,0,76
425,4,1,64
426,0,0,32
427,1,1,52
428,4,2,139
429,1,0,50
430,14,2,148
431,5,1,122
432,0,0,72
433,0,0,16
434,6,2,104
435,1,0,80
436,4,1,185
437,0,0,251
438,1,1,35
439,0,1,11
440,0,0,33
441,5,1,83
442,2,1,104
443,1,0,24
444,2,0,41
445,4,0,171
446,5,1,151
447,3,0,150
448,3,2,26
449,2,0,36
450,1,0,72
451,7,1,102
452,7,1,156
453,10,0,84
454,7,1,96
455,8,1,125
456,5,0,94
457,4,3,55
458,0,0,39
459,0,0,251
460,8,2,186
461,16,1,150
462,0,0,65
463,8,1,170
464,10,0,102
465,4,1,122
466,2,0,37
467,1,0,87
468,2,0,161
469,5,1,91
470,2,2,48
471,6,1,115
472,1,0,21
473,6,1,88
474,0,0,36
475,0,0,251
476,0,0,17
477,0,0,22
478,4,1,71
479,2,0,84
480,8,1,190
481,1,0,59
482,2,0,45
483,5,0,130
484,2,0,46
485,2,0,74
486,6,1,170
487,3,1,93
488,4,1,52
489,0,0,32
490,4,1,90
491,17,2,271
492,3,0,312
493,3,0,37
494,1,0,52
495,1,0,48
496,6,2,116
497,2,0,72
498,1,1,253
499,0,0,15
500,9,0,111
501,2,0,112
502,3,0,271
503,5,1,108
504,4,0,99
505,1,0,63
506,0,0,35
507,0,0,17
508,5,1,105
509,4,1,234
510,7,1,91
511,8,3,96
512,2,1,88
513,10,1,195
514,4,0,89
515,5,1,104
516,5,0,96
517,13,1,201
518,1,0,30
519,1,0,282
520,1,0,36
521,4,0,123
522,1,0,70
523,0,1,23
524,2,1,293
525,3,0,158
526,9,0,153
527,5,2,162
528,0,0,28
529,1,0,42
530,18,2,291
531,7,1,87
532,5,1,99
533,1,0,27
534,6,0,96
535,0,0,88
536,0,0,251
537,3,0,50
538,1,1,31
539,0,0,53
540,3,0,63
541,0,0,41
542,0,0,251
543,1,0,98
544,2,0,45
545,0,0,48
546,7,1,99
547,7,3,111
548,1,0,44
549,9,1,110
550,2,1,43
551,10,1,114
552,0,0,100
553,1,1,42
554,7,2,155
555,5,1,130
556,1,1,46
557,0,0,22
558,6,2,181
559,3,1,60
560,6,1,168
561,5,1,127
562,1,0,38
563,2,0,27
564,3,1,74
565,2,1,313
566,6,1,81
567,3,0,85
568,3,0,79
569,0,0,25
570,2,0,52
571,1,0,263
572,7,3,122
573,4,1,70
574,0,0,251
575,5,1,86
576,8,2,74
577,6,1,104
578,1,0,131
579,10,2,182
580,8,1,110
581,2,0,43
582,2,1,27
583,4,2,75
584,6,3,122
585,6,0,112
586,0,0,39
587,2,0,40
588,8,1,168
589,2,0,136
590,5,1,128
591,2,2,64
592,0,0,251
593,5,0,122
594,9,2,58
595,0,0,38
596,1,0,290
597,2,0,80
598,0,0,49
599,6,1,116
600,1,0,42
601,0,0,251
602,5,2,171
603,7,1,375
604,2,0,112
605,1,1,67
606,1,0,30
607,4,1,167
608,0,0,88
609,0,0,24
610,3,0,115
611,6,0,333
612,0,1,18
613,0,0,35
614,6,1,124
615,6,1,144
616,4,2,84
617,4,0,123
618,6,2,80
619,1,0,72
620,5,0,327
621,2,1,172
622,0,0,83
623,0,0,99
624,5,1,97
625,0,1,24
626,1,1,277
627,0,0,20
628,4,1,53
629,6,0,245
630,7,1,159
631,6,1,288
632,4,1,64
633,1,0,266
634,3,0,94
635,2,0,73
636,2,2,29
637,1,1,20
638,1,2,52
639,1,0,66
640,13,2,149
641,1,1,103
642,6,0,127
643,7,1,96
644,0,0,20
645,1,0,48
646,4,1,130
647,6,0,114
648,2,0,67
649,4,2,69
650,7,1,60
651,3,1,42
652,7,2,91
653,8,0,258
654,3,2,85
655,0,1,31
656,0,0,34
657,1,0,30
658,2,0,68
659,2,0,289
660,4,1,169
661,0,1,12
662,1,0,88
663,0,0,13
664,14,1,135
665,0,0,14
666,3,0,45
667,9,1,161
668,2,1,59
669,1,0,55
670,1,1,57
671,1,0,38
672,5,0,120
673,5,0,411
674,0,0,46
675,4,1,115
676,4,0,89
677,3,1,74
678,13,1,313
679,8,0,139
680,5,1,94
681,0,0,251
682,8,1,109
683,0,0,23
684,11,1,168
685,1,0,34
686,1,0,32
687,1,1,24
688,1,0,276
689,3,0,54
690,0,0,44
691,1,1,64
692,2,0,56
693,1,0,124
694,1,0,77
695,2,0,181
696,12,2,120
697,7,0,95
698,0,0,22
699,0,1,42
700,9,1,151
701,7,0,368
702,4,3,61
703,7,1,108
704,0,0,99
705,5,0,321
706,3,0,74
707,0,0,16
708,3,1,98
709,3,0,87
710,1,1,45
711,6,1,136
712,9,1,86
713,4,1,131
714,6,1,69
715,7,0,143
716,0,0,13
717,1,0,59
718,4,1,101
719,5,1,99
720,0,0,16
721,3,0,93
722,9,1,155
723,0,0,79
724,2,0,53
725,0,0,21
726,4,0,511
727,2,0,56
728,3,1,61
729,0,1,22
730,1,0,24
731,3,2,241
732,1,1,129
733,8,1,103
734,2,0,133
735,0,0,251
736,4,1,64
737,4,0,63
738,4,1,156
739,4,1,75
740,3,0,116
741,3,0,66
742,3,0,69
743,2,0,57
744,3,1,63
745,0,0,25
746,4,1,84
747,2,1,28
748,0,0,28
749,1,0,269
750,0,0,39
751,10,1,133
752,0,0,120
753,0,0,36
754,0,0,65
755,1,0,11
756,1,0,34
757,2,1,227
758,7,0,347
759,1,0,74
760,4,0,76
761,4,0,112
762,0,0,38
763,0,0,67
764,6,1,82
765,4,0,61
766,0,0,28
767,4,0,70
768,3,0,305
769,2,0,96
770,1,0,45
771,4,2,180
772,0,0,251
773,5,0,65
774,12,1,204
775,0,0,14
776,1,1,33
777,1,1,40
778,4,2,58
779,2,1,84
780,3,1,278
781,0,1,24
782,4,1,88
783,8,1,113
784,10,1,139
785,6,2,149
786,5,1,86
787,5,1,165
788,4,0,72
789,3,0,65
790,0,0,50
791,6,0,128
792,1,0,45
793,5,2,111
794,6,1,95
795,6,2,156
796,2,0,76
797,1,0,45
798,4,2,43
799,6,1,368
800,1,0,102
801,12,3,132
802,6,0,80
803,1,0,46
804,4,1,222
805,0,0,11
806,0,0,12
807,0,0,31
808,0,0,36
809,1,0,10
810,7,0,107
811,1,1,35
812,0,0,24
813,4,1,75
814,8,1,127
815,0,0,30
816,1,1,40
817,9,2,124
818,1,0,31
819,0,0,34
820,2,1,69
821,0,0,26
822,2,1,33
823,0,0,23
824,4,0,64
825,2,0,37
826,1,0,176
827,0,1,14
828,5,0,101
829,1,0,126
830,5,0,423
831,3,1,163
832,3,0,55
833,0,0,50
834,2,1,42
835,3,0,221
836,1,0,35
837,7,2,130
838,2,0,35
839,8,2,122
840,1,1,71
841,1,0,65
842,4,0,50
843,0,0,21
844,0,1,12
845,1,0,24
846,1,0,61
847,2,0,441
848,3,0,88
849,3,0,98
850,1,0,43
851,4,0,89
852,5,2,66
853,1,2,47
854,3,1,107
855,0,1,28
856,7,1,84
857,2,1,138
858,4,0,164
859,7,1,152
860,1,0,37
861,2,0,122
862,6,1,204
863,4,0,84
864,7,1,278
865,3,0,104
866,2,0,24
867,0,0,16
868,7,1,129
869,5,0,144
870,0,1,11
871,3,1,91
872,12,0,169
873,1,0,48
874,4,1,83
875,0,0,18
876,1,1,97
877,1,0,168
878,0,0,39
879,4,1,120
880,4,1,67
881,7,2,95
882,3,0,87
883,2,0,73
884,0,0,38
885,3,2,63
886,2,0,66
887,4,0,178
888,0,1,32
889,0,0,22
890,2,0,29
891,0,0,127
892,5,1,260
893,6,0,82
894,0,0,51
895,0,0,29
896,4,0,113
897,1,0,43
898,0,0,31
899,3,0,69
900,2,0,46
901,3,0,74
902,3,0,87
903,9,1,142
904,0,0,81
905,4,1,60
906,9,1,134
907,4,1,88
908,2,0,97
909,4,1,136
910,0,0,26
911,2,0,99
912,4,0,69
913,1,0,22
914,11,1,156
915,6,2,196
916,1,1,36
917,1,0,111
918,3,0,103
919,1,0,105
920,2,0,37
921,0,0,93
922,2,0,70
923,1,0,111
924,2,0,36
925,1,0,79
926,2,1,51
927,4,1,68
928,6,0,80
929,0,1,60
930,0,0,56
931,6,2,158
932,0,1,17
933,1,1,37
934,0,0,14
935,8,2,107
936,5,2,103
937,4,0,180
938,6,1,182
939,5,1,355
940,0,0,17
941,1,0,44
942,6,1,86
943,0,0,25
944,7,4,104
945,7,1,161
946,2,0,134
947,2,1,67
948,7,0,103
949,4,1,135
950,0,1,10
951,1,0,65
952,2,0,49
953,13,2,179
954,0,0,43
955,4,1,117
956,6,1,308
957,5,1,137
958,0,0,13
959,1,0,59
960,14,1,157
961,4,0,41
962,7,0,438
963,0,0,38
964,1,1,49
965,2,1,98
966,1,0,33
967,7,2,151
968,5,1,113
969,4,1,100
970,4,1,81
971,2,0,326
972,1,0,21
973,4,0,318
974,1,1,42
975,14,1,174
976,5,1,98
977,6,4,89
978,0,0,30
979,2,0,94
980,6,1,116
981,0,1,42
982,2,0,280
983,4,0,389
984,0,0,31
985,1,0,284
986,0,0,26
987,2,0,42
988,4,0,105
989,10,1,127
990,10,1,159
991,7,2,229
992,2,0,103
993,0,0,37
994,0,0,52
995,2,0,71
996,1,0,346
997,5,1,84
998,6,1,113
999,2,0,98
1000,8,2,77
1001,2,0,78
1002,2,0,53
1003,19,1,250
1004,1,1,92
1005,5,1,323
1006,0,0,43
1007,0,0,14
1008,7,1,77
1009,1,0,35
1010,0,0,25
1011,0,0,251
1012,7,2,93
1013,1,0,43
1014,5,2,159
1015,0,0,36
1016,1,0,51
1017,2,1,81
1018,1,1,58
1019,5,2,61
1020,0,0,251
1021,7,2,68
1022,4,0,91
1023,0,0,251
1024,4,2,48
1025,2,0,90
1026,0,1,26
1027,1,1,43
1028,1,1,29
1029,2,1,13
1030,0,0,251
1031,1,0,37
1032,2,0,95
1033,0,0,204
1034,0,1,29
1035,0,0,52
1036,2,1,35
1037,3,0,85
1038,7,2,163
1039,0,0,31
1040,2,0,39
1041,0,0,80
1042,1,0,25
1043,2,0,72
1044,4,1,57
1045,4,1,49
1046,1,0,34
1047,3,0,36
1048,1,0,35
1049,3,1,97
1050,5,2,88
1051,9,1,145
1052,3,1,65
1053,2,0,80
1054,1,1,82
1055,10,3,138
1056,6,1,113
1057,2,0,112
1058,2,1,81
1059,4,1,80
1060,4,0,85
1061,1,0,44
1062,0,0,62
1063,1,0,66
1064,2,0,73
1065,2,0,49
1066,1,0,15
1067,0,0,59
1068,0,1,32
1069,4,1,143
1070,3,1,46
1071,6,1,67
1072,0,0,28
1073,1,1,43
1074,2,0,34
1075,4,1,74
1076,3,0,143
1077,5,1,58
1078,5,1,101
1079,6,2,75
1080,3,0,57
1081,0,0,36
1082,0,0,19
1083,0,0,84
1084,8,2,113
1085,13,1,185
1086,3,0,55
1087,8,1,111
1088,6,0,214
1089,5,1,146
1090,6,2,176
1091,2,0,67
1092,4,0,51
1093,0,0,55
1094,5,2,67
1095,5,1,66
1096,2,0,60
1097,7,1,96
1098,1,0,42
1099,4,3,42
1100,3,1,59
1101,0,0,51
1102,4,0,197
1103,2,0,61
1104,2,0,64
1105,6,0,121
1106,2,1,281
1107,1,0,22
1108,1,0,33
1109,2,1,94
1110,4,0,148
1111,0,0,13
1112,1,0,42
1113,0,0,34
1114,3,0,181
1115,9,1,212
1116,0,1,11
1117,2,0,47
1118,4,1,52
1119,0,0,35
1120,6,2,77
1121,1,0,90
1122,2,0,277
1123,3,0,69
1124,0,1,28
1125,4,3,82
1126,2,1,330
1127,6,1,88
1128,4,1,180
1129,0,0,98
1130,3,2,109
1131,11,2,155
1132,1,0,37
1133,0,0,26
1134,4,1,82
1135,0,0,35
1136,11,1,174
1137,1,0,37
1138,2,0,135
1139,2,0,18
1140,0,0,19
1141,2,1,124
1142,0,0,31
1143,3,0,169
1144,4,1,49
1145,1,0,76
1146,11,1,153
1147,0,0,13
1148,2,0,44
1149,10,0,164
1150,1,1,78
1151,3,0,121
1152,0,0,40
1153,8,0,454
1154,3,0,43
